ID_Vente,Prix_Vente,Surface_m2,Nb_Chambres,Age_Bien,Type_Bien,Quartier,Distance_Centre
1,130311,54,3,24,Maison,Banlieue-Nord,8.5
2,412586,137,5,25,Maison,Centre-ville,9.6
3,383295,146,5,25,Appartement,Banlieue-Nord,10.9
4,89490,,2,48,Maison,Banlieue-Nord,24.7
5,269113,92,3,25,Maison,Centre-ville,10.9
6,185565,90,3,49,Maison,Centre-ville,23.3
7,160604,115,5,24,Maison,Zone-Industrielle,9.8
8,,134,5,8,Maison,Périphérie,5.6
9,52544,34,2,35,Maison,Zone-Industrielle,19.3
10,225866,92,4,25,Maison,Banlieue-Sud,8.7
11,223613,160,7,2,Appartement,Périphérie,13.5
12,428740,128,5,3,Maison,Banlieue-Nord,12.5
13,593752,168,7,8,Maison,Centre-ville,8.3
14,140601,107,5,31,Maison,Périphérie,14.8
15,,132,6,3,Maison,Centre-ville,21.3
16,64808,40,1,39,Appartement,Centre-ville,6.3
17,167063,81,3,8,Maison,Périphérie,8.6
18,73051,35,1,21,Maison,Banlieue-Sud,16
19,113088,43,1,40,Maison,Centre-ville,8.1
20,216045,95,3,2,Appartement,Périphérie,3.8
21,265113,113,4,39,Maison,Centre-ville,11.9
22,437752,167,6,13,Maison,Périphérie,12.5
23,177638,,6,44,Appartement,Périphérie,13.4
24,156228,119,4,43,Appartement,Zone-Industrielle,22.8
25,,59,2,12,Appartement,Banlieue-Sud,17
26,126846,38,1,3,Maison,Centre-ville,7.1
27,157857,110,5,37,Maison,Périphérie,22.2
28,287628,158,7,29,Maison,Périphérie,24.4
29,257258,135,6,35,Maison,Banlieue-Sud,11.5
30,59214,36,2,9,Appartement,Zone-Industrielle,0.7
31,288927,163,7,48,Appartement,Banlieue-Sud,13.6
32,128024,48,2,8,Appartement,Banlieue-Nord,18
33,,98,4,46,Maison,Périphérie,21.4
34,220057,,4,22,Maison,Périphérie,24.2
35,,86,3,36,Maison,Banlieue-Nord,16.1
36,225789,108,5,39,Maison,Banlieue-Sud,24.1
37,334917,117,,31,Maison,Centre-ville,24.8
38,181339,107,5,46,Maison,Banlieue-Sud,13.9
39,106698,77,3,38,Maison,Banlieue-Sud,8.6
40,202397,113,4,49,Maison,Banlieue-Nord,4.7
41,259929,131,6,21,Appartement,Banlieue-Nord,10.2
42,250683,173,6,44,Appartement,Banlieue-Sud,0.2
43,,127,5,24,Maison,Centre-ville,20.2
44,519292,174,7,9,Maison,Périphérie,23.2
45,179479,53,2,1,Appartement,Centre-ville,17.9
46,341884,166,6,14,Appartement,Banlieue-Sud,15.8
47,173161,127,5,25,Maison,Zone-Industrielle,2.6
48,,37,1,34,Maison,Périphérie,0.6
49,92344,77,3,41,Appartement,Périphérie,15.4
50,144888,63,2,22,Appartement,Banlieue-Nord,24.7
51,334991,117,5,33,Maison,Banlieue-Nord,7.5
52,534526,166,6,13,Maison,Banlieue-Sud,11.1
53,360275,161,7,25,Maison,Banlieue-Sud,6.2
54,182088,111,5,16,Appartement,Zone-Industrielle,2.4
55,229745,88,4,8,Appartement,Banlieue-Nord,12.9
56,151808,86,4,8,Appartement,Périphérie,5.6
57,155619,101,5,36,Maison,Périphérie,4.5
58,217168,143,5,26,Appartement,Périphérie,8
59,1313408.3556247402,153,6,22,Appartement,Centre-ville,6.3
60,186085,153,7,49,Maison,Banlieue-Sud,11.9
61,149645,146,5,38,Maison,Périphérie,6.4
62,272523,148,5,40,Appartement,Centre-ville,14.8
63,72197,47,1,13,Maison,Zone-Industrielle,6.9
64,238362,179,7,36,Maison,Périphérie,1.2
65,358575,126,5,12,Appartement,Banlieue-Sud,22.6
66,266571,123,5,11,Appartement,Périphérie,20.5
67,189723,106,5,32,Maison,Périphérie,11.3
68,89619,99,3,47,Appartement,Périphérie,11.7
69,128766,,4,35,Appartement,Banlieue-Sud,15.7
70,117998,65,3,44,Maison,Périphérie,18.2
71,75306,55,3,29,Appartement,Zone-Industrielle,18.9
72,995949.1435417588,,6,45,Maison,Banlieue-Nord,4.3
73,257275,141,6,15,Appartement,Périphérie,13.5
74,287088,168,7,18,Maison,Zone-Industrielle,11.4
75,,15,1,15,Maison,Centre-ville,13.1
76,135503,97,3,38,Appartement,Banlieue-Sud,8.3
77,110624,57,2,6,Appartement,Zone-Industrielle,24.4
78,199308,170,6,42,Maison,Zone-Industrielle,11.9
79,304623,147,5,5,Appartement,Zone-Industrielle,14.8
80,249550,122,4,36,Appartement,Banlieue-Sud,8.3
81,143457,147,6,33,Appartement,Zone-Industrielle,11.9
82,,98,3,24,Maison,Centre-ville,2.9
83,306876,144,6,7,Appartement,Banlieue-Sud,0.1
84,173972,109,5,38,Appartement,Banlieue-Sud,6.2
85,70331,37,2,40,Appartement,Centre-ville,20.9
86,240047,178,7,46,Maison,Zone-Industrielle,19.9
87,,41,2,35,Appartement,Banlieue-Nord,16.9
88,228242,123,5,2,Maison,Périphérie,5.2
89,159744,74,3,16,Appartement,Banlieue-Nord,6.7
90,300457,176,7,7,Appartement,Zone-Industrielle,9.2
91,,118,4,10,Appartement,Périphérie,15.4
92,237186,111,4,4,Appartement,Banlieue-Sud,5
93,187745,63,3,26,Maison,Banlieue-Sud,18.8
94,103790,89,3,48,Appartement,Banlieue-Sud,22.5
95,204451,125,6,48,Appartement,Banlieue-Nord,3.4
96,75794.09999999999,165,7,12,Appartement,Périphérie,21.7
97,147953,101,5,27,Appartement,Banlieue-Nord,21.8
98,266751,150,7,20,Maison,Zone-Industrielle,3.6
99,181401,166,7,33,Appartement,Zone-Industrielle,0.9
100,150149,174,7,49,Maison,Zone-Industrielle,7.7
101,149636,26.7,,49,Maison,Centre-ville,1
102,71840,50,3,40,Maison,Zone-Industrielle,6.7
103,81382,53,2,32,Appartement,Banlieue-Sud,24.9
104,214767,117,5,37,Maison,Banlieue-Nord,19
105,228113,69,2,39,Maison,Centre-ville,21.3
106,297339,170,7,19,Maison,Zone-Industrielle,18.9
107,174194,117,5,35,Appartement,Banlieue-Sud,21.3
108,477745,163,6,10,Maison,Banlieue-Sud,24.4
109,185294,98,4,24,Appartement,Banlieue-Sud,10.6
110,127305,60,3,17,Appartement,Banlieue-Sud,8.4
111,,66,3,43,Appartement,Banlieue-Sud,6
112,542212,152,7,32,Maison,Centre-ville,15.5
113,116275,73,3,30,Maison,Zone-Industrielle,12.3
114,,119,4,4,Maison,Zone-Industrielle,23
115,63207,37,2,38,Maison,Banlieue-Sud,10.7
116,,59,3,9,Maison,Banlieue-Nord,0.9
117,45176,46,2,33,Maison,Zone-Industrielle,5.4
118,460866,175,7,30,Appartement,Centre-ville,23.2
119,317743,129,5,46,Appartement,Centre-ville,18.2
120,129967,99,3,48,Appartement,Banlieue-Nord,6.8
121,247189,112,5,9,Appartement,Banlieue-Sud,19.8
122,201017,104,5,18,Appartement,Zone-Industrielle,12
123,71708,46,1,43,Appartement,Banlieue-Sud,2
124,610065,,6,0,Maison,Centre-ville,15.4
125,226456,133,5,7,Appartement,Zone-Industrielle,17.8
126,108063,80,3,27,Appartement,Zone-Industrielle,16
127,453993.69414127467,43,2,20,Appartement,Banlieue-Nord,9.1
128,224288,142,,29,Appartement,Périphérie,23.8
129,402812,158,6,21,Appartement,Banlieue-Sud,22.2
130,70831,54,2,39,Appartement,Périphérie,7.6
131,224618,,5,29,Appartement,Centre-ville,7
132,588085,153,6,0,Maison,Centre-ville,1.3
133,561677,174,6,12,Maison,Centre-ville,4.1
134,396683,,7,9,Maison,Banlieue-Sud,12.1
135,136459,73,3,0,Appartement,Périphérie,10.5
136,131849,130,5,46,Appartement,Périphérie,2.6
137,132372,,2,29,Appartement,Banlieue-Nord,6.5
138,171887,64,3,47,Maison,Centre-ville,13
139,531315,158,7,3,Maison,Banlieue-Nord,3.1
140,85448,46,1,1,Appartement,Périphérie,12.3
141,318226,348,4,4,Maison,Périphérie,19
142,134989,99,3,30,Appartement,Périphérie,11.4
143,178320,77,3,29,Maison,Banlieue-Sud,15.8
144,291735,165,7,0,Maison,Zone-Industrielle,3
145,50000,60,2,32,Maison,Banlieue-Sud,15.8
146,256470,169,6,33,Appartement,Banlieue-Sud,10.2
147,232910,122,4,47,Maison,Banlieue-Sud,16.5
148,173718,140,6,29,Appartement,Périphérie,10.6
149,115091,38,2,29,Maison,Centre-ville,3
150,89849,44,2,22,Appartement,Banlieue-Nord,22.7
151,36517,31,2,49,Appartement,Périphérie,21.6
152,346274,142,6,13,Appartement,Banlieue-Nord,16
153,1218547.9953015347,143,6,18,Maison,Banlieue-Nord,18.7
154,384002,118,5,13,Maison,Banlieue-Sud,4.4
155,132903,101,5,46,Appartement,Banlieue-Sud,14.9
156,,95,4,36,Appartement,Zone-Industrielle,12.8
157,205557,88,4,18,Maison,Banlieue-Sud,24.5
158,334295,119,5,16,Maison,Banlieue-Sud,7.3
159,334908,167,6,1,Appartement,Périphérie,11.4
160,224623,149,6,24,Appartement,Banlieue-Nord,24.1
161,208613,110,4,12,Maison,Zone-Industrielle,23.6
162,137774,103,4,38,Maison,Banlieue-Sud,5.2
163,226602,78,,27,Appartement,Centre-ville,8.4
164,326029,155,6,10,Maison,Zone-Industrielle,6.6
165,473582,178,7,39,Maison,Centre-ville,9
166,164183,98,4,45,Appartement,Banlieue-Sud,16.3
167,92375,57,3,30,Appartement,Zone-Industrielle,15
168,194099,98,3,1,Appartement,Zone-Industrielle,22.3
169,338507,107,5,8,Appartement,Banlieue-Nord,0.4
170,181850,84,4,44,Maison,Banlieue-Nord,20.8
171,160325,112,5,15,Maison,Zone-Industrielle,7.9
172,350176,161,7,24,Appartement,Centre-ville,7.8
173,322157,175,8,16,Appartement,Zone-Industrielle,8.8
174,119497,44,1,14,Appartement,Banlieue-Sud,18.2
175,90582,71,2,48,Maison,Zone-Industrielle,10
176,140860,,4,45,Appartement,Banlieue-Nord,4.4
177,144789,68,2,31,Maison,Périphérie,4.4
178,179788,105,4,35,Maison,Banlieue-Sud,12.3
179,521855,153,7,23,Maison,Banlieue-Nord,21
180,71993,,3,48,Appartement,Périphérie,19.4
181,144797,112,5,49,Maison,Banlieue-Sud,24
182,172275,104,5,2,Appartement,Zone-Industrielle,8.5
183,266825,142,5,18,Appartement,Banlieue-Nord,23.1
184,262255,119,5,9,Appartement,Périphérie,18.7
185,463137,173,7,25,Maison,Banlieue-Nord,13.7
186,195875,138,5,36,Appartement,Périphérie,6.5
187,287864,134,6,14,Appartement,Centre-ville,4.1
188,94131,75,4,24,Appartement,Zone-Industrielle,11.6
189,134005,103,5,45,Maison,Zone-Industrielle,21.3
190,56063,31,1,10,Maison,Zone-Industrielle,7
191,170561,145,6,34,Appartement,Zone-Industrielle,10.2
192,325757,88,4,6,Maison,Centre-ville,11.3
193,431973,155,6,16,Maison,Banlieue-Nord,3.6
194,,32,2,2,Appartement,Banlieue-Nord,0.7
195,247282,85,4,16,Appartement,Banlieue-Nord,13.6
196,232721,73,2,8,Maison,Banlieue-Sud,6.6
197,67887,52,3,45,Appartement,Banlieue-Sud,10
198,238751,96,4,39,Maison,Centre-ville,2.2
199,482860.1625345901,113,4,42,Maison,Périphérie,8.8
200,120457,81,,17,Maison,Zone-Industrielle,12.7
201,107809,37,1,15,Appartement,Banlieue-Sud,21.7
202,162676,88,4,40,Maison,Banlieue-Nord,13.9
203,377923,155,6,35,Maison,Banlieue-Sud,18.5
204,,95,3,30,Maison,Banlieue-Nord,10.5
205,168450,,5,38,Appartement,Zone-Industrielle,1.2
206,369872,138,,0,Maison,Périphérie,6.3
207,294208,165,6,25,Appartement,Banlieue-Nord,3.2
208,334434,122,4,39,Maison,Centre-ville,17.7
209,148821,91,3,37,Appartement,Banlieue-Nord,22.9
210,272899,153,6,9,Appartement,Banlieue-Sud,10.7
211,176397,123,4,31,Maison,Zone-Industrielle,21
212,183079,85,3,26,Appartement,Centre-ville,3.9
213,210003,162,7,48,Maison,Banlieue-Sud,16.5
214,89389,116,5,46,Appartement,Zone-Industrielle,6.5
215,,88,3,8,Maison,Banlieue-Sud,9.6
216,174725,76,4,20,Appartement,Centre-ville,4.6
217,105848,74,2,28,Maison,Zone-Industrielle,15
218,100695,72,,46,Maison,Périphérie,22.5
219,172270,124,5,44,Maison,Banlieue-Nord,0.7
220,58921,36,1,31,Appartement,Zone-Industrielle,18.9
221,205605,110,5,17,Appartement,Banlieue-Sud,8.3
222,493994,128,5,15,Maison,Centre-ville,13.8
223,,133,5,45,Appartement,Banlieue-Sud,23.6
224,464667,148,5,26,Maison,Centre-ville,8.1
225,239236,179,8,40,Appartement,Banlieue-Nord,17.3
226,294053,,4,17,Maison,Banlieue-Nord,7.8
227,158024,88,4,21,Appartement,Banlieue-Sud,14.1
228,232924,133,5,31,Appartement,Banlieue-Sud,16.9
229,47195,40,2,49,Appartement,Banlieue-Sud,21.7
230,214659,81,4,0,Maison,Banlieue-Nord,8.2
231,146199,105,4,32,Appartement,Zone-Industrielle,7
232,110689,41,2,28,Appartement,Centre-ville,4.8
233,237620,169,7,38,Appartement,Périphérie,13.6
234,194490,,4,25,Maison,Périphérie,19.9
235,273872,155,7,10,Appartement,Périphérie,13.7
236,211277,138,5,42,Appartement,Banlieue-Sud,16.3
237,296544,134,5,27,Appartement,Centre-ville,13.9
238,391235,128,5,26,Maison,Centre-ville,10.6
239,239405,138,6,40,Maison,Banlieue-Sud,24.1
240,238623,155,6,31,Maison,Zone-Industrielle,12.6
241,266630,136,5,45,Maison,Banlieue-Nord,16.5
242,265329,147,5,28,Appartement,Banlieue-Sud,4.3
243,122150,75,4,21,Maison,Périphérie,9.7
244,95416,132,1,14,Appartement,Banlieue-Sud,18.6
245,71113,15,2,39,Maison,Banlieue-Sud,12.5
246,94618.2,165,7,11,Maison,Zone-Industrielle,7.1
247,151641,127,6,19,Appartement,Périphérie,8.7
248,296219,170,7,35,Appartement,Périphérie,10.8
249,192588,65,2,12,Appartement,Banlieue-Nord,9.4
250,,62,3,48,Appartement,Périphérie,6.8
251,193491,,7,40,Appartement,Périphérie,10.5
252,168469,102,4,6,Appartement,Périphérie,10.2
253,290560,139,5,0,Maison,Zone-Industrielle,11.8
254,361058,147,6,9,Maison,Banlieue-Nord,13.7
255,,60,3,9,Appartement,Centre-ville,15.3
256,118587,108,5,44,Appartement,Banlieue-Sud,25
257,279048,149,5,48,Maison,Banlieue-Nord,7.1
258,191538,83,3,22,Appartement,Centre-ville,11.4
259,105926,50,2,35,Maison,Banlieue-Sud,21.5
260,204287,57,3,3,Maison,Banlieue-Nord,20.6
261,364555,151,6,9,Maison,Zone-Industrielle,14.4
262,,152,6,0,Appartement,Zone-Industrielle,14.3
263,87302,60,3,46,Maison,Périphérie,14.7
264,128207,99,3,18,Appartement,Zone-Industrielle,1.3
265,188389,72,3,0,Maison,Banlieue-Nord,8.6
266,158368,66,2,45,Maison,Centre-ville,16.9
267,243213,153,7,13,Maison,Zone-Industrielle,7.6
268,48898,39,2,20,Appartement,Périphérie,1.3
269,146895,106,4,39,Maison,Zone-Industrielle,13.8
270,136585,109,4,28,Appartement,Zone-Industrielle,18
271,204739,118,4,35,Appartement,Banlieue-Sud,6.2
272,530187,166,6,6,Maison,Banlieue-Sud,0.2
273,131127,61,3,35,Maison,Banlieue-Sud,1.3
274,640706,169,6,3,Appartement,Centre-ville,6.4
275,87358,55,2,20,Appartement,Banlieue-Sud,18.6
276,183659,120,4,31,Appartement,Zone-Industrielle,12.4
277,284397,101,5,37,Maison,Centre-ville,23.9
278,159683,112,5,35,Appartement,Zone-Industrielle,16.6
279,162296,57,2,33,Maison,Centre-ville,10.9
280,388103,166,6,18,Maison,Banlieue-Nord,21.9
281,128130,86,3,18,Appartement,Zone-Industrielle,11.4
282,110050,82,4,44,Maison,Banlieue-Nord,7.4
283,88977,58,3,21,Appartement,Zone-Industrielle,4.8
284,255029,140,5,13,Appartement,Banlieue-Sud,15.6
285,61915,114,2,28,Maison,Périphérie,6.1
286,343071,134,6,42,Appartement,Centre-ville,2.5
287,187550,136,5,45,Appartement,Banlieue-Nord,19.5
288,237543,118,5,17,Maison,Banlieue-Sud,13.9
289,386834,,7,27,Maison,Banlieue-Nord,24.1
290,80801,82,4,49,Appartement,Zone-Industrielle,12.7
291,352786,,7,43,Maison,Centre-ville,2.6
292,150082,101,5,41,Appartement,Centre-ville,22
293,309897,,4,36,Appartement,Centre-ville,15.2
294,86311,93,4,44,Maison,Zone-Industrielle,6.7
295,43089,,,48,Appartement,Périphérie,4.9
296,96309,48,2,8,Appartement,Banlieue-Nord,3.3
297,283072,105,5,4,Maison,Périphérie,0.6
298,171636,121,5,40,Appartement,Banlieue-Sud,23.3
299,172884,43,1,6,Maison,Centre-ville,10.8
300,233717,146,5,35,Maison,Banlieue-Nord,15.7
301,285994,140,6,12,Appartement,Périphérie,8.9
302,,51,3,32,Maison,Banlieue-Sud,2.8
303,184925,57,3,12,Appartement,Centre-ville,7.8
304,123248,74,2,47,Maison,Centre-ville,23.4
305,226420.36891714207,49,1,46,Appartement,Banlieue-Sud,14
306,,161,7,8,Maison,Banlieue-Sud,22.5
307,406710,480,6,9,Maison,Zone-Industrielle,9.3
308,78203,71,3,30,Appartement,Périphérie,15.8
309,111146,45,1,11,Maison,Périphérie,10.7
310,,43,1,12,Appartement,Zone-Industrielle,7.3
311,58682,40,2,24,Appartement,Banlieue-Sud,14.9
312,342845.74773183983,109,4,42,Appartement,Zone-Industrielle,23.2
313,,153,6,39,Appartement,Banlieue-Nord,10.3
314,90020,85,3,26,Appartement,Zone-Industrielle,15.2
315,,37,1,17,Appartement,Zone-Industrielle,11.7
316,83619,56,2,3,Maison,Zone-Industrielle,6.3
317,195689,125,5,14,Appartement,Périphérie,6.4
318,,134,5,28,Maison,Centre-ville,22.1
319,302424.571345396,41,2,47,Maison,Banlieue-Sud,13.5
320,430290,507,7,33,Maison,Centre-ville,12.4
321,431555,172,6,12,Maison,Périphérie,6
322,71075,49,2,46,Maison,Zone-Industrielle,15.2
323,365433,50.1,6,1,Maison,Périphérie,16.7
324,63105,56,2,49,Appartement,Périphérie,10.5
325,153581,77,4,24,Appartement,Centre-ville,20.1
326,50000,46,2,6,Appartement,Périphérie,20.5
327,186268,104,5,17,Appartement,Banlieue-Nord,7.8
328,260277,110,4,10,Appartement,Banlieue-Nord,0
329,106314,38,2,7,Appartement,Banlieue-Nord,13.9
330,345122,146,5,2,Appartement,Périphérie,13
331,154395,,3,31,Appartement,Banlieue-Nord,7.8
332,363592,157,7,17,Maison,Banlieue-Nord,5
333,218893,156,6,29,Appartement,Banlieue-Sud,10.4
334,228641,,7,46,Maison,Zone-Industrielle,16.8
335,331426,121,4,41,Maison,Centre-ville,10.4
336,203840,87,4,33,Appartement,Banlieue-Nord,18
337,131426,70,2,24,Appartement,Banlieue-Sud,9.8
338,292776,82,3,17,Appartement,Centre-ville,5.3
339,150817,55,2,15,Maison,Centre-ville,19.4
340,,,2,40,Maison,Banlieue-Nord,17.9
341,179772,106,4,39,Maison,Périphérie,18.5
342,194378,129,5,44,Maison,Zone-Industrielle,2.5
343,349990,156,7,9,Maison,Périphérie,7.5
344,69235,,2,6,Maison,Zone-Industrielle,22.2
345,248405,91,4,1,Appartement,Banlieue-Nord,16.4
346,175380,87,3,27,Maison,Banlieue-Nord,2.4
347,347677,291,4,13,Maison,Banlieue-Nord,17.7
348,324960,99,3,0,Maison,Périphérie,5.3
349,61174,33,1,25,Maison,Zone-Industrielle,1.9
350,131876,123,5,46,Appartement,Banlieue-Sud,5.2
351,156356,174,6,46,Appartement,Zone-Industrielle,4
352,81610,54,2,10,Maison,Zone-Industrielle,3.2
353,180178,82,4,24,Appartement,Centre-ville,7.9
354,72702,44,2,37,Appartement,Périphérie,0.6
355,49491,38,1,41,Appartement,Banlieue-Sud,17.3
356,76695,72,3,45,Appartement,Périphérie,11.5
357,181837,87,3,17,Maison,Banlieue-Sud,3.9
358,74297,51,3,37,Appartement,Périphérie,3.5
359,127639,123,5,42,Appartement,Banlieue-Sud,23.5
360,107106,100,4,33,Appartement,Périphérie,4.1
361,39093,35,2,27,Appartement,Périphérie,19.1
362,58114,39,1,30,Maison,Zone-Industrielle,11.1
363,154400,55,3,35,Maison,Banlieue-Nord,23.4
364,,70,2,17,Maison,Périphérie,5.4
365,348025,152,6,32,Appartement,Centre-ville,18.9
366,212897,144,6,24,Maison,Zone-Industrielle,10.7
367,293269,165,7,26,Maison,Zone-Industrielle,9
368,136655,66,2,7,Maison,Périphérie,0.3
369,1095469.4163190564,126,6,7,Maison,Zone-Industrielle,2.1
370,250107,119,5,1,Appartement,Périphérie,19.3
371,188090,152,6,42,Maison,Zone-Industrielle,22.9
372,122543,,3,22,Appartement,Banlieue-Sud,22.6
373,126690,55,2,1,Appartement,Périphérie,24.6
374,51352,33,1,43,Maison,Banlieue-Sud,24.8
375,467301,146,6,15,Maison,Banlieue-Nord,19.4
376,155511,116,4,30,Appartement,Zone-Industrielle,20
377,74787,53,3,18,Appartement,Zone-Industrielle,15.2
378,195246,101,4,21,Maison,Zone-Industrielle,9.8
379,54057,32,2,14,Maison,Périphérie,22.1
380,204088,108,5,11,Maison,Zone-Industrielle,19.7
381,255678,74,2,5,Maison,Banlieue-Nord,3.3
382,58919,31,1,27,Appartement,Banlieue-Nord,23.5
383,255937,155,6,17,Maison,Banlieue-Sud,23.5
384,340708,131,5,25,Maison,Banlieue-Nord,19
385,163316,122,4,48,Appartement,Centre-ville,21.6
386,346120,103,5,13,Maison,Centre-ville,15.4
387,110653,47,2,12,Appartement,Banlieue-Sud,10.3
388,,50.1,6,23,Appartement,Périphérie,3.1
389,,134,5,4,Maison,Zone-Industrielle,4
390,,121,4,43,Appartement,Banlieue-Sud,10.2
391,390661,169,6,9,Appartement,Banlieue-Nord,7.2
392,218740,164,6,33,Appartement,Banlieue-Nord,22.6
393,181342,37.199999999999996,5,40,Appartement,Banlieue-Sud,8
394,207656,,2,21,Maison,Banlieue-Sud,3.2
395,341801,119,4,20,Appartement,Centre-ville,11.3
396,,64,2,2,Appartement,Zone-Industrielle,13.5
397,206256,82,4,42,Appartement,Centre-ville,10.5
398,217180,134,,3,Appartement,Zone-Industrielle,5.5
399,448506,139,6,39,Maison,Centre-ville,8.4
400,180893,87,4,45,Appartement,Centre-ville,23.4
401,319515,115,5,16,Maison,Banlieue-Sud,18.7
402,232598,121,4,43,Maison,Centre-ville,11.3
403,168055,125,5,43,Appartement,Banlieue-Nord,3.9
404,,40,2,14,Appartement,Banlieue-Sud,6.3
405,275844,146,5,44,Maison,Banlieue-Nord,0.9
406,181913,111,4,6,Appartement,Zone-Industrielle,14.5
407,200217,178,7,39,Maison,Zone-Industrielle,24.7
408,241574,108,,28,Appartement,Banlieue-Sud,2.3
409,175399,65,3,15,Maison,Banlieue-Sud,20.1
410,209256,85,3,29,Appartement,Centre-ville,11.4
411,91017,30,2,20,Maison,Banlieue-Sud,13.4
412,,164,6,19,Appartement,Zone-Industrielle,6.6
413,110315,56,2,37,Maison,Banlieue-Sud,18.7
414,128949,90,3,43,Appartement,Banlieue-Sud,4.4
415,,177,8,18,Appartement,Centre-ville,3.6
416,278709,133,6,5,Appartement,Zone-Industrielle,14.6
417,188686,59,2,23,Maison,Banlieue-Nord,6.9
418,96457,63,2,18,Appartement,Périphérie,25
419,492446,132,6,11,Maison,Centre-ville,20.6
420,,178,8,28,Maison,Banlieue-Sud,1.8
421,,85,,38,Appartement,Zone-Industrielle,1
422,240912,151,7,26,Appartement,Banlieue-Nord,13
423,167537,110,4,37,Appartement,Banlieue-Nord,19.7
424,97713,60,3,35,Appartement,Banlieue-Sud,23.7
425,157954,125,5,46,Maison,Banlieue-Sud,8.2
426,61593,35,1,14,Maison,Zone-Industrielle,22.7
427,130790,61,3,46,Maison,Centre-ville,6.2
428,154554,44,1,9,Maison,Centre-ville,4.7
429,65379,47,1,42,Maison,Banlieue-Sud,24.4
430,261338,151,,34,Appartement,Banlieue-Nord,0.2
431,243396,137,5,39,Maison,Banlieue-Sud,23
432,759502,159,7,15,Maison,Centre-ville,8.5
433,125481,95,4,46,Appartement,Banlieue-Sud,19
434,71335,37,2,27,Maison,Banlieue-Sud,14.1
435,430941,135,6,21,Maison,Centre-ville,8.4
436,349665,110,,25,Appartement,Centre-ville,14.2
437,535070,165,7,0,Appartement,Banlieue-Sud,22.4
438,122799,56,3,37,Maison,Centre-ville,23.8
439,116075,48,2,11,Maison,Périphérie,2.9
440,184163,170,7,34,Appartement,Zone-Industrielle,7.9
441,122028,15,2,24,Maison,Centre-ville,13
442,299721,148,5,0,Maison,Zone-Industrielle,14
443,124616,54,2,22,Maison,Banlieue-Nord,7.4
444,76184,76,4,46,Maison,Zone-Industrielle,19.4
445,137717,105,4,25,Appartement,Zone-Industrielle,7.7
446,316255,,3,6,Maison,Banlieue-Nord,15.6
447,220599,171,7,22,Appartement,Périphérie,7.5
448,144172,60,3,28,Appartement,Banlieue-Sud,5.9
449,159222,81,3,10,Maison,Périphérie,20.2
450,185300,90,3,27,Appartement,Banlieue-Nord,18.6
451,48442,34,2,34,Appartement,Banlieue-Nord,2.6
452,70167,64,3,44,Appartement,Banlieue-Sud,7.5
453,266552,147,6,38,Maison,Périphérie,9.8
454,303952,175,7,40,Appartement,Banlieue-Nord,5.2
455,198402,150,6,40,Maison,Périphérie,4.5
456,52354,15.6,3,33,Appartement,Zone-Industrielle,2.7
457,64049,31,1,38,Appartement,Centre-ville,14.4
458,316020,177,7,39,Appartement,Banlieue-Sud,19
459,373902,107,4,28,Maison,Centre-ville,10.9
460,64426,47,1,8,Appartement,Périphérie,2.1
461,109165,73,3,5,Appartement,Périphérie,15.7
462,611787,174,6,8,Maison,Centre-ville,20.8
463,572626,171,7,9,Maison,Centre-ville,20.8
464,74269,41,2,49,Appartement,Centre-ville,16.6
465,372081,143,5,29,Maison,Banlieue-Sud,4
466,76971,49,1,49,Maison,Centre-ville,20
467,290642,121,5,6,Maison,Périphérie,5.1
468,90908,52,2,14,Appartement,Périphérie,14.8
469,134037,70,2,27,Appartement,Banlieue-Nord,13.3
470,59940,101,4,0,Appartement,Périphérie,24.7
471,410742,123,5,32,Maison,Centre-ville,4.1
472,128056,51,3,1,Maison,Banlieue-Nord,20
473,297083,141,6,35,Maison,Banlieue-Sud,9.3
474,56998.799999999996,,3,3,Appartement,Banlieue-Nord,4.6
475,135940,75,3,34,Maison,Zone-Industrielle,4.8
476,153700,52,3,3,Appartement,Centre-ville,5.7
477,574239,134,6,0,Maison,Centre-ville,0.7
478,274660,152,6,42,Maison,Banlieue-Nord,13.5
479,239653,155,7,39,Appartement,Banlieue-Nord,3.9
480,556001,139,6,1,Maison,Centre-ville,8.3
481,320667,146,6,23,Appartement,Banlieue-Sud,18.7
482,215637,168,6,22,Appartement,Périphérie,7.4
483,428911,167,6,16,Maison,Périphérie,20.6
484,78398,30,1,15,Maison,Banlieue-Nord,21.5
485,107004,76,3,29,Appartement,Zone-Industrielle,7
486,181542,85,4,44,Appartement,Centre-ville,9.9
487,209128,162,7,35,Maison,Zone-Industrielle,23.7
488,457028,158,6,4,Appartement,Banlieue-Sud,3.5
489,151371,92,3,37,Appartement,Centre-ville,8.4
490,76666,46,2,36,Appartement,Banlieue-Nord,10
491,206310,50,3,30,Maison,Centre-ville,21.3
492,122717,39,1,21,Maison,Centre-ville,3.4
493,167377,118,5,37,Maison,Périphérie,12.3
494,,98,3,0,Appartement,Périphérie,5.2
495,215085,174,6,40,Appartement,Banlieue-Sud,17.5
496,265975,169,7,14,Appartement,Périphérie,17.7
497,283356,84,3,1,Appartement,Centre-ville,11.4
498,136096,83,4,18,Appartement,Périphérie,8.7
499,299364,170,7,38,Appartement,Centre-ville,1.7
500,194847,124,5,22,Appartement,Banlieue-Nord,5.7
501,137722,44,2,15,Maison,Banlieue-Nord,8.7
502,125454,63,3,11,Appartement,Banlieue-Sud,2.8
503,102729,53,3,8,Appartement,Zone-Industrielle,16.7
504,251269,176,8,31,Maison,Zone-Industrielle,25
505,162859,138,6,32,Maison,Zone-Industrielle,13.8
506,245780,168,6,43,Maison,Périphérie,0.7
507,292937,174,7,12,Appartement,Zone-Industrielle,22.5
508,409166,171,6,19,Appartement,Centre-ville,3.3
509,330556,87,3,4,Appartement,Centre-ville,17.6
510,73400,34,2,8,Appartement,Banlieue-Sud,13
511,175966,85,4,29,Maison,Banlieue-Nord,13.4
512,240808,166,6,14,Appartement,Zone-Industrielle,7.5
513,197299,57,2,22,Appartement,Centre-ville,22.7
514,148018,77,4,24,Appartement,Banlieue-Sud,21.8
515,472280,170,7,33,Maison,Centre-ville,17.7
516,369068,87,4,15,Maison,Centre-ville,17.1
517,297284,161,7,31,Appartement,Banlieue-Nord,1.1
518,77484,42,2,28,Maison,Banlieue-Sud,1.2
519,95626,55,2,27,Maison,Banlieue-Sud,17.3
520,136344,80,4,28,Maison,Banlieue-Sud,0.2
521,194430,102,5,7,Appartement,Banlieue-Sud,4.3
522,,172,7,26,Appartement,Banlieue-Nord,7.2
523,114058,66,2,38,Maison,Périphérie,20.3
524,224964,66,2,20,Maison,Centre-ville,5.7
525,52353,38,1,20,Maison,Périphérie,10.7
526,286840,107,5,25,Maison,Centre-ville,5.8
527,319650,,5,4,Appartement,Centre-ville,11.2
528,93601,51,3,27,Maison,Périphérie,21.3
529,117740,105,5,49,Maison,Périphérie,10.2
530,117951,67,2,38,Appartement,Périphérie,19.5
531,445221,145,5,18,Maison,Banlieue-Nord,4.4
532,334788,147,5,26,Maison,Banlieue-Sud,18.5
533,339751,179,8,40,Appartement,Banlieue-Nord,21
534,245468,136,5,37,Appartement,Centre-ville,2.6
535,93468,35,1,19,Maison,Banlieue-Nord,12.3
536,83938,87,4,38,Maison,Zone-Industrielle,6.6
537,374687,140,6,28,Maison,Banlieue-Nord,23.2
538,316981,345,4,16,Maison,Banlieue-Nord,13
539,,128,6,3,Maison,Périphérie,16.4
540,,154,7,38,Appartement,Banlieue-Sud,11.6
541,75872,78,4,49,Appartement,Banlieue-Sud,0.4
542,88628,33,1,9,Appartement,Centre-ville,5.2
543,93601,79,3,44,Maison,Banlieue-Nord,11
544,87216,85,3,45,Appartement,Zone-Industrielle,10.7
545,95280,108,4,43,Appartement,Zone-Industrielle,19.2
546,67527,74,3,48,Appartement,Zone-Industrielle,10
547,281983,174,7,16,Appartement,Banlieue-Sud,15
548,221904,106,5,13,Appartement,Banlieue-Sud,17.9
549,194903,67,2,32,Maison,Centre-ville,19.5
550,229829,76,4,17,Appartement,Centre-ville,15.9
551,351881,167,6,23,Appartement,Banlieue-Nord,21.9
552,97613,72,3,43,Appartement,Banlieue-Nord,6.5
553,93049,41,2,25,Maison,Centre-ville,23.9
554,124648,69,3,41,Maison,Banlieue-Nord,18.9
555,223176,165,7,15,Appartement,Périphérie,12
556,180409,118,5,34,Maison,Banlieue-Sud,3.2
557,320760,119,5,12,Maison,Banlieue-Sud,21.6
558,238534,51,3,1,Appartement,Centre-ville,5.8
559,,56,2,47,Appartement,Périphérie,7.6
560,215287,119,5,4,Appartement,Périphérie,4.1
561,,131,5,22,Maison,Centre-ville,9.8
562,,53,2,10,Appartement,Banlieue-Nord,19.8
563,207750,150,6,16,Maison,Périphérie,9.7
564,50000,97,4,29,Maison,Zone-Industrielle,20.3
565,218741,91,3,15,Appartement,Banlieue-Sud,22.7
566,200321,76,3,35,Maison,Banlieue-Nord,0.2
567,50000,72,2,47,Appartement,Banlieue-Nord,12.2
568,109333,65,2,48,Appartement,Banlieue-Sud,15.5
569,212596,83,3,7,Appartement,Banlieue-Sud,0.7
570,297086,168,6,17,Appartement,Banlieue-Sud,15.1
571,110592,44,2,5,Appartement,Banlieue-Nord,24.6
572,258637,134,5,12,Maison,Périphérie,12.3
573,229199,157,6,46,Appartement,Centre-ville,10.8
574,139502,71,3,15,Maison,Banlieue-Sud,24.1
575,135889,,2,0,Appartement,Banlieue-Nord,8.1
576,299068,179,7,48,Appartement,Centre-ville,18.9
577,94839,68,3,36,Maison,Banlieue-Sud,12.7
578,,66,3,17,Appartement,Périphérie,9.3
579,55714,48,1,35,Appartement,Zone-Industrielle,14.2
580,147601,92,4,34,Appartement,Banlieue-Sud,14.1
581,1126263.768576081,168,7,40,Maison,Banlieue-Sud,1
582,232153,102,5,30,Maison,Banlieue-Nord,12.7
583,202945,105,4,15,Appartement,Périphérie,14.1
584,116866,46,1,10,Maison,Banlieue-Sud,2.1
585,190727,112,4,34,Maison,Banlieue-Sud,0.6
586,43931,34,2,30,Appartement,Périphérie,22
587,283804,178,8,31,Maison,Banlieue-Nord,22
588,164815,64,3,13,Maison,Banlieue-Sud,15.2
589,345705,159,6,6,Appartement,Banlieue-Sud,21.3
590,231976,121,4,16,Maison,Zone-Industrielle,9.1
591,224860,141,6,48,Appartement,Centre-ville,13.9
592,164783,83,4,13,Maison,Périphérie,7.1
593,149853,109,5,34,Appartement,Zone-Industrielle,10.4
594,,52.5,8,9,Appartement,Centre-ville,14.1
595,175762,,4,9,Maison,Banlieue-Sud,15.7
596,400954,,6,2,Appartement,Banlieue-Nord,12.7
597,159294,84,3,2,Maison,Zone-Industrielle,21.2
598,160019,93,4,38,Appartement,Banlieue-Nord,15.5
599,339869,148,6,22,Maison,Banlieue-Nord,6.8
600,86377,92,4,49,Appartement,Zone-Industrielle,11.9
601,349898,101,4,8,Maison,Banlieue-Nord,15.7
602,527591,156,6,19,Maison,Centre-ville,17.5
603,373379,140,5,9,Maison,Banlieue-Sud,20.1
604,264565,139,6,13,Appartement,Banlieue-Sud,14.9
605,,,6,33,Maison,Banlieue-Nord,23.3
606,155545,55,2,13,Maison,Centre-ville,7.9
607,203258,44,1,22,Maison,Centre-ville,7.4
608,136358,167,6,46,Maison,Zone-Industrielle,13.2
609,151210,83,3,25,Maison,Banlieue-Sud,6.6
610,255447,177,8,38,Maison,Zone-Industrielle,4.8
611,280499,129,5,1,Appartement,Périphérie,19.4
612,90288,33,2,11,Maison,Banlieue-Sud,17.9
613,203675,115,5,20,Maison,Périphérie,2.2
614,78966,36,1,36,Appartement,Centre-ville,17.6
615,234654,167,6,32,Appartement,Banlieue-Sud,6
616,90071,51,3,41,Maison,Banlieue-Nord,1.7
617,196611.64203184916,34,1,28,Appartement,Banlieue-Nord,0.1
618,73467,56,2,22,Maison,Périphérie,18.4
619,246679,111,5,19,Appartement,Banlieue-Sud,18.9
620,140582,69,3,29,Maison,Périphérie,16.7
621,122766,102,5,48,Appartement,Banlieue-Nord,2.7
622,448409,139,6,14,Maison,Centre-ville,19.3
623,,176,7,39,Appartement,Périphérie,13
624,283459,115,5,13,Appartement,Banlieue-Nord,9.9
625,391793.75918475894,52,2,24,Appartement,Centre-ville,11.4
626,218596,75,4,18,Maison,Banlieue-Nord,15
627,26069,32,2,41,Appartement,Zone-Industrielle,21.9
628,,80,4,42,Appartement,Zone-Industrielle,19.6
629,152632,84,3,8,Appartement,Zone-Industrielle,10.4
630,121343,109,5,48,Appartement,Zone-Industrielle,19
631,294800,39.3,6,39,Maison,Banlieue-Sud,4.9
632,246986,43.199999999999996,6,25,Appartement,Banlieue-Nord,8.7
633,184290,52,3,13,Maison,Centre-ville,20.5
634,124970,74,3,7,Appartement,Périphérie,22.1
635,122329,99,3,31,Maison,Zone-Industrielle,18.6
636,143690,46,2,20,Maison,Centre-ville,0.2
637,208758,90,4,29,Maison,Périphérie,7.1
638,487267,170,6,9,Maison,Banlieue-Nord,17.3
639,193911,135,5,37,Maison,Périphérie,16.6
640,132966,66,2,34,Maison,Banlieue-Nord,12.5
641,238297,134,5,28,Appartement,Banlieue-Sud,4.8
642,211746,139,6,23,Appartement,Zone-Industrielle,14.2
643,109849,79,3,28,Appartement,Zone-Industrielle,7.8
644,217376,,4,6,Maison,Zone-Industrielle,4.4
645,256207,74,2,6,Appartement,Centre-ville,10.3
646,548552,139,5,9,Appartement,Centre-ville,16.4
647,285242,123,5,39,Maison,Centre-ville,12.3
648,236648,87,4,24,Appartement,Centre-ville,10.8
649,122333,89,3,24,Appartement,Zone-Industrielle,1.9
650,,114,5,8,Maison,Périphérie,17.7
651,264873,135,5,44,Maison,Centre-ville,17.1
652,59643,72,3,2,Maison,Banlieue-Sud,18.4
653,1094621.785884859,123,4,25,Maison,Banlieue-Sud,2.6
654,186967,60,,3,Maison,Banlieue-Sud,11.5
655,133636,87,4,32,Maison,Banlieue-Sud,20.1
656,224014,89,3,11,Maison,Périphérie,12
657,177792,71,2,0,Maison,Zone-Industrielle,12.5
658,435855,118,,3,Maison,Banlieue-Sud,18.5
659,44174,36,2,39,Maison,Périphérie,1
660,114284,77,3,48,Appartement,Banlieue-Sud,23.8
661,232833,,3,4,Maison,Banlieue-Nord,20.9
662,789582.8918058368,91,3,21,Maison,Zone-Industrielle,9.1
663,126691,78,3,24,Maison,Zone-Industrielle,16.1
664,130241,109,5,46,Maison,Banlieue-Sud,8
665,84391,46,1,18,Maison,Zone-Industrielle,3
666,177833,170,6,42,Maison,Périphérie,23.9
667,423754,162,6,11,Appartement,Banlieue-Sud,5.4
668,33921,33,1,46,Appartement,Périphérie,22.5
669,219759,78,4,9,Maison,Banlieue-Sud,19.4
670,184237,132,5,48,Appartement,Banlieue-Sud,18.4
671,200525,142,6,37,Maison,Zone-Industrielle,13.5
672,135484,144,6,33,Appartement,Périphérie,9.9
673,223466,96,3,15,Maison,Banlieue-Sud,8.9
674,303978,139,6,49,Maison,Banlieue-Nord,15.5
675,244625,120,4,46,Maison,Banlieue-Nord,11.8
676,502416,170,6,31,Maison,Banlieue-Nord,9.2
677,155174,89,4,23,Appartement,Banlieue-Sud,12.4
678,50946,60,3,43,Appartement,Zone-Industrielle,12.2
679,118657,59,3,0,Appartement,Banlieue-Sud,4.8
680,69215,61,3,26,Appartement,Zone-Industrielle,5.8
681,72061,36,2,4,Maison,Banlieue-Sud,1.2
682,231878,87,3,3,Maison,Banlieue-Sud,3.5
683,69432,59,2,19,Appartement,Zone-Industrielle,1.1
684,398161,179,7,11,Appartement,Banlieue-Nord,18.7
685,108391,75,4,41,Maison,Banlieue-Sud,17.3
686,77427,87,4,48,Maison,Zone-Industrielle,24.8
687,63366,45,2,45,Maison,Banlieue-Nord,19.3
688,136901,67,3,49,Maison,Banlieue-Nord,10.5
689,182185,93,4,1,Appartement,Périphérie,6.2
690,145262,143,6,44,Maison,Zone-Industrielle,14.6
691,226474,76,3,32,Maison,Centre-ville,21.7
692,171481,136,6,41,Maison,Zone-Industrielle,7.3
693,197170,110,4,30,Maison,Zone-Industrielle,10.9
694,358086,174,7,49,Maison,Centre-ville,9.8
695,,47,2,32,Appartement,Périphérie,6.5
696,282114,125,6,12,Appartement,Centre-ville,16.3
697,75107,48,1,42,Maison,Banlieue-Sud,6.3
698,304762,,3,15,Appartement,Centre-ville,9.6
699,135251,40,,3,Maison,Centre-ville,11.5
700,93166,45,2,28,Maison,Périphérie,4.9
701,419779,145,5,4,Appartement,Centre-ville,7.8
702,154654,94,4,1,Appartement,Zone-Industrielle,7.4
703,,112,4,12,Maison,Banlieue-Sud,12
704,414511,150,7,7,Maison,Banlieue-Nord,8.4
705,74444,50,2,49,Appartement,Banlieue-Sud,18
706,,116,4,9,Maison,Centre-ville,7.3
707,287980,76,3,2,Appartement,Banlieue-Nord,8.3
708,81768,41,1,9,Appartement,Banlieue-Nord,15.8
709,243722,153,6,30,Appartement,Périphérie,14
710,154897,86,3,48,Appartement,Banlieue-Nord,10
711,156876,104,5,34,Maison,Banlieue-Sud,9.3
712,164407,153,7,45,Appartement,Banlieue-Sud,13
713,121438,82,3,34,Appartement,Périphérie,7
714,146393,88,3,27,Appartement,Banlieue-Sud,12.3
715,561418,171,7,37,Maison,Centre-ville,13.1
716,119031,31,2,7,Maison,Centre-ville,6.8
717,145154,38,1,36,Maison,Centre-ville,8.8
718,241222,143,5,20,Appartement,Zone-Industrielle,22.2
719,138679,45,1,18,Maison,Centre-ville,10.7
720,50000,111,4,30,Appartement,Périphérie,20
721,219122,135,6,35,Appartement,Banlieue-Nord,14.7
722,522687,177,8,12,Maison,Banlieue-Sud,23
723,403796,165,6,22,Maison,Centre-ville,15.4
724,130227,58,2,48,Maison,Banlieue-Nord,18.5
725,146466.6,105,5,2,Maison,Centre-ville,5
726,113593,46,2,28,Maison,Centre-ville,13
727,290252,159,6,30,Appartement,Banlieue-Nord,19.3
728,173294,110,4,22,Appartement,Périphérie,8.4
729,125469,99,3,29,Maison,Périphérie,17.6
730,47380,41,2,25,Maison,Zone-Industrielle,14.3
731,76471,38,1,3,Maison,Périphérie,2.6
732,,52,3,40,Maison,Banlieue-Nord,6.3
733,36391,37,2,44,Appartement,Zone-Industrielle,12
734,87790,63,2,29,Appartement,Zone-Industrielle,17.2
735,75762,76,3,48,Appartement,Zone-Industrielle,18.4
736,,155,7,44,Maison,Périphérie,2.3
737,164589,91,3,17,Appartement,Banlieue-Sud,9.5
738,109531,78,4,45,Maison,Banlieue-Sud,18.8
739,144586,161,7,37,Appartement,Zone-Industrielle,7.6
740,343581,175,7,27,Appartement,Banlieue-Sud,4.1
741,256269,115,4,23,Maison,Périphérie,3
742,39317,53,2,47,Appartement,Périphérie,21.1
743,475523,162,6,2,Maison,Périphérie,24.8
744,,155,6,35,Maison,Banlieue-Nord,3.5
745,84019,44,1,25,Appartement,Banlieue-Nord,11.4
746,228234,117,4,7,Maison,Périphérie,19.4
747,78402,37,1,18,Maison,Périphérie,22.8
748,436663,142,5,16,Maison,Banlieue-Sud,21
749,,70,3,45,Maison,Banlieue-Nord,15.7
750,244085,145,5,48,Maison,Centre-ville,17
751,54785,43,2,37,Appartement,Périphérie,22.8
752,649471,176,,24,Maison,Centre-ville,16.1
753,99215,47,1,8,Appartement,Périphérie,16.5
754,215721,118,5,30,Maison,Périphérie,23.3
755,264519,170,6,25,Maison,Zone-Industrielle,14.9
756,117533,51,3,21,Maison,Banlieue-Nord,19
757,,137,5,33,Appartement,Zone-Industrielle,6.9
758,212633,92,4,11,Maison,Banlieue-Sud,6.8
759,167544,91,4,18,Maison,Périphérie,15.1
760,292477,,4,5,Appartement,Centre-ville,14.7
761,,45,2,25,Maison,Centre-ville,6.9
762,81336,59,2,29,Maison,Zone-Industrielle,0.3
763,147103,67,3,18,Maison,Banlieue-Sud,9.3
764,329785,142,5,8,Maison,Banlieue-Nord,2.5
765,207618,123,4,32,Maison,Périphérie,5.3
766,220700,109,4,21,Appartement,Banlieue-Sud,9.1
767,252113,159,6,49,Appartement,Centre-ville,18.2
768,138777,137,6,47,Maison,Périphérie,11.6
769,251778,,4,19,Appartement,Banlieue-Nord,24.9
770,216078,96,3,0,Appartement,Zone-Industrielle,0.9
771,,108,5,22,Appartement,Zone-Industrielle,4.3
772,266584,128,5,33,Maison,Banlieue-Nord,19.8
773,158506,91,4,24,Appartement,Banlieue-Nord,1.6
774,149270,94,4,20,Maison,Zone-Industrielle,7.7
775,115262,71,2,34,Maison,Zone-Industrielle,4.9
776,237977,,8,41,Appartement,Périphérie,7.7
777,323431,126,6,25,Maison,Banlieue-Sud,0.4
778,142786,87,4,44,Maison,Banlieue-Sud,3.6
779,61088,38,1,46,Maison,Périphérie,17.1
780,130322,63,2,11,Appartement,Périphérie,18.3
781,,76,4,28,Maison,Périphérie,21.3
782,230121,115,5,37,Appartement,Banlieue-Nord,22.9
783,89046,45,1,6,Appartement,Périphérie,3.5
784,176078,119,5,44,Appartement,Banlieue-Sud,8.5
785,249973,126,6,11,Appartement,Périphérie,16.6
786,399906,136,5,7,Appartement,Centre-ville,6.7
787,188707.8,171,6,17,Maison,Centre-ville,18.7
788,96258,69,3,7,Maison,Zone-Industrielle,18.6
789,165172,119,4,25,Maison,Zone-Industrielle,18.7
790,292538,113,5,24,Maison,Banlieue-Nord,19.5
791,56063,38,2,41,Maison,Périphérie,20.9
792,517740.07524040743,38,2,15,Maison,Centre-ville,4.8
793,414227,119,4,35,Maison,Centre-ville,23
794,346520,133,5,15,Appartement,Banlieue-Nord,23.8
795,540551,,6,10,Maison,Centre-ville,7.9
796,158934,55,3,34,Maison,Centre-ville,0.1
797,,142,6,44,Maison,Banlieue-Nord,5.2
798,133653,88,3,37,Appartement,Banlieue-Nord,5.6
799,313571,129,6,17,Appartement,Banlieue-Nord,7.3
800,115227,72,3,14,Appartement,Périphérie,12.1
801,235869,78,4,16,Appartement,Centre-ville,1.2
802,277969,92,4,2,Appartement,Centre-ville,19.6
803,49470,33,1,26,Appartement,Zone-Industrielle,1.2
804,196771,82,4,29,Appartement,Centre-ville,6.8
805,338924,103,4,29,Maison,Centre-ville,13.8
806,95769,48,2,12,Maison,Banlieue-Nord,15.4
807,458557,,5,0,Appartement,Centre-ville,0.6
808,49385,47,2,42,Appartement,Banlieue-Sud,21
809,67503,44,1,20,Appartement,Périphérie,25
810,243339,149,,35,Maison,Banlieue-Sud,10.6
811,353902,96,4,10,Maison,Banlieue-Nord,21
812,148979,146,5,37,Appartement,Périphérie,8
813,82687,76,3,32,Appartement,Zone-Industrielle,19.9
814,182089,176,7,43,Appartement,Périphérie,21.8
815,135546,97,4,30,Appartement,Périphérie,3.8
816,274261,102,5,3,Maison,Périphérie,15.3
817,170417,128,6,46,Appartement,Banlieue-Sud,15.8
818,70904,48,1,33,Maison,Périphérie,13.6
819,226311,111,,36,Maison,Banlieue-Nord,11
820,234459,174,7,49,Appartement,Banlieue-Sud,19.2
821,45583,45,2,42,Maison,Zone-Industrielle,19.5
822,339269,177,8,27,Appartement,Banlieue-Sud,6.1
823,235892,116,4,5,Maison,Zone-Industrielle,17.9
824,136144,69,2,14,Appartement,Zone-Industrielle,4.4
825,345868,179,8,13,Appartement,Périphérie,15.2
826,103761,134,5,46,Appartement,Zone-Industrielle,8.3
827,123760,24.599999999999998,3,30,Maison,Périphérie,15.6
828,,33,1,42,Appartement,Périphérie,16.7
829,241352,111,5,4,Appartement,Banlieue-Nord,11.3
830,233186,109,4,43,Maison,Banlieue-Sud,15.7
831,237677,163,7,21,Appartement,Périphérie,8
832,58725,45,2,36,Appartement,Périphérie,6
833,208903,153,7,38,Appartement,Périphérie,2.9
834,,33,1,14,Maison,Banlieue-Sud,8.8
835,97459,83,3,43,Appartement,Banlieue-Nord,0.8
836,155814,,5,38,Appartement,Périphérie,24
837,207738.40555757147,31,1,42,Maison,Périphérie,5.3
838,84637,62,2,47,Maison,Périphérie,6.9
839,382028,,7,20,Maison,Centre-ville,21
840,59307,33,2,25,Maison,Banlieue-Sud,16.6
841,93523,41,1,35,Maison,Centre-ville,24
842,88309,39,2,43,Maison,Banlieue-Nord,14.7
843,166107,65,2,1,Appartement,Périphérie,17.7
844,50000,50,2,49,Maison,Périphérie,14.2
845,142549,122,4,28,Appartement,Zone-Industrielle,24.5
846,421703,116,4,13,Appartement,Centre-ville,22.8
847,284542,121,4,20,Maison,Périphérie,12.6
848,146475,,4,39,Appartement,Banlieue-Nord,2.5
849,215668,169,7,35,Maison,Périphérie,24.3
850,50895,122,5,49,Maison,Périphérie,7.3
851,208776,84,4,41,Maison,Centre-ville,11.5
852,,43,2,6,Appartement,Banlieue-Sud,0.7
853,252906,144,6,12,Maison,Zone-Industrielle,21.7
854,50000,71,3,34,Maison,Zone-Industrielle,1.4
855,142951,79,3,35,Maison,Banlieue-Sud,6.2
856,157090,79,3,36,Appartement,Banlieue-Nord,20.1
857,424886,121,5,7,Maison,Centre-ville,6.4
858,90041.4,109,4,32,Maison,Banlieue-Sud,8.7
859,228735,155,7,6,Maison,Périphérie,22.9
860,311752,115,4,5,Maison,Banlieue-Sud,3.1
861,203185,136,5,20,Appartement,Banlieue-Sud,9.9
862,134290,53,2,30,Maison,Centre-ville,8.3
863,99877,31,2,22,Maison,Banlieue-Nord,4.2
864,168228,97,3,7,Appartement,Périphérie,4.2
865,,95,3,34,Appartement,Périphérie,3.5
866,65804,36,2,14,Appartement,Banlieue-Sud,2.4
867,296252,148,6,1,Appartement,Banlieue-Sud,19.2
868,50000,75,4,46,Appartement,Périphérie,4.4
869,568088,152,7,5,Maison,Centre-ville,1.2
870,459388,104,4,11,Appartement,Centre-ville,10.8
871,207837,99,3,42,Appartement,Banlieue-Nord,7.4
872,107368,84,4,33,Appartement,Périphérie,1.3
873,124325,92,4,44,Maison,Périphérie,23.6
874,147825,82,3,31,Appartement,Banlieue-Nord,11.4
875,203680,106,4,18,Appartement,Banlieue-Sud,18.6
876,239692,108,5,34,Maison,Banlieue-Nord,4.2
877,236204,103,5,41,Maison,Banlieue-Sud,1.6
878,166811,146,6,29,Appartement,Zone-Industrielle,3.1
879,248033,100,5,26,Appartement,Banlieue-Nord,18.9
880,197631,174,6,44,Maison,Zone-Industrielle,21.6
881,83864,52,2,28,Appartement,Zone-Industrielle,4.4
882,348762,,7,42,Appartement,Centre-ville,23.3
883,144295,,4,43,Maison,Périphérie,21.2
884,431019,176,8,16,Maison,Banlieue-Sud,8.3
885,60895,38,2,5,Maison,Zone-Industrielle,14.8
886,174053,96,4,23,Appartement,Banlieue-Nord,3.7
887,206234,135,5,44,Maison,Zone-Industrielle,7.4
888,254107,139,6,14,Maison,Périphérie,3.6
889,158257,91,3,44,Appartement,Centre-ville,0.2
890,136188,,2,2,Appartement,Zone-Industrielle,13.1
891,365719,166,6,19,Appartement,Banlieue-Nord,2.8
892,412641,169,7,24,Appartement,Banlieue-Sud,4.8
893,186403,42,1,14,Maison,Centre-ville,14.6
894,146355,175,7,42,Appartement,Zone-Industrielle,16
895,54053,35,1,17,Maison,Zone-Industrielle,8.3
896,315961,158,7,6,Appartement,Banlieue-Nord,18.7
897,397569.10603190766,45,1,27,Maison,Périphérie,6.3
898,86221,,3,13,Appartement,Zone-Industrielle,19.3
899,61929,32,2,0,Appartement,Périphérie,12.8
900,59395,35,2,2,Maison,Zone-Industrielle,6.5
901,170054,123,5,28,Maison,Périphérie,14.7
902,194363,137,6,42,Maison,Périphérie,4.9
903,,82,3,35,Maison,Banlieue-Sud,21.4
904,65327,30,2,25,Maison,Banlieue-Nord,23.4
905,181372,126,6,48,Maison,Périphérie,4.3
906,253443,,4,29,Maison,Banlieue-Nord,7.4
907,56150,34,2,23,Appartement,Périphérie,5.1
908,,105,4,49,Appartement,Banlieue-Sud,8.2
909,110070,33,2,9,Appartement,Centre-ville,16.7
910,237000,134,6,47,Appartement,Banlieue-Nord,11.6
911,75175.8,179,8,39,Appartement,Banlieue-Nord,12.8
912,267784,114,4,44,Maison,Banlieue-Nord,6.7
913,109847,73,2,31,Appartement,Banlieue-Nord,1.4
914,329480,154,7,19,Appartement,Banlieue-Sud,9.8
915,248025,58,3,2,Maison,Banlieue-Nord,12.2
916,182454,,5,34,Appartement,Périphérie,5.3
917,,51,3,4,Appartement,Banlieue-Nord,16.7
918,168134,117,5,12,Appartement,Zone-Industrielle,14.1
919,,163,7,21,Maison,Centre-ville,7.9
920,267778,137,6,30,Appartement,Périphérie,8.1
921,52942,49,1,31,Appartement,Zone-Industrielle,24.2
922,109529,42,1,21,Appartement,Centre-ville,19.4
923,170477,100,4,22,Maison,Banlieue-Sud,18.1
924,70592,44,2,44,Appartement,Centre-ville,24.1
925,192294,61,3,15,Maison,Centre-ville,19.7
926,56780,46,2,23,Appartement,Zone-Industrielle,6.8
927,,159,6,17,Appartement,Banlieue-Nord,16.9
928,246356,166,6,29,Maison,Zone-Industrielle,13.3
929,145867,74,3,8,Appartement,Banlieue-Sud,17.7
930,469823,154,7,18,Appartement,Centre-ville,17.3
931,161121,113,4,28,Appartement,Zone-Industrielle,10.5
932,158634.01851111892,43,2,49,Appartement,Banlieue-Nord,17.8
933,169026,74,2,1,Appartement,Zone-Industrielle,16.3
934,56526,,2,17,Appartement,Banlieue-Sud,4.5
935,148542,67,3,37,Maison,Centre-ville,15.7
936,460836,160,7,26,Maison,Centre-ville,4.7
937,205104,104,4,22,Maison,Périphérie,6.7
938,259851,153,7,26,Appartement,Banlieue-Nord,8.3
939,115620,43,1,2,Appartement,Banlieue-Sud,20
940,235394,112,4,19,Appartement,Banlieue-Nord,13.5
941,388976,173,6,14,Appartement,Banlieue-Nord,15.9
942,227326,107,5,13,Maison,Périphérie,24.5
943,280935,147,6,27,Maison,Périphérie,5.9
944,76208,38,1,10,Appartement,Zone-Industrielle,14.9
945,111105,49,2,5,Maison,Zone-Industrielle,11
946,202970,164,7,32,Appartement,Zone-Industrielle,19.9
947,159743,70,3,4,Appartement,Banlieue-Sud,0.4
948,100284,129,1,7,Appartement,Banlieue-Nord,15.7
949,93033,,2,24,Maison,Périphérie,6.1
950,92255.4,161,7,23,Appartement,Banlieue-Sud,16.2
951,428771,141,6,22,Appartement,Centre-ville,4.6
952,71629,74,3,36,Appartement,Zone-Industrielle,24.5
953,155791,51,2,10,Appartement,Centre-ville,16.3
954,147359,81,3,25,Appartement,Périphérie,0.7
955,139571,76,3,36,Maison,Zone-Industrielle,3.5
956,85943,34,2,3,Maison,Banlieue-Sud,9.7
957,188303,,2,6,Maison,Banlieue-Sud,6.2
958,258047,168,6,26,Maison,Zone-Industrielle,3.8
959,305428,171,7,5,Maison,Périphérie,9
960,435462,111,4,9,Maison,Centre-ville,12.7
961,231729,168,7,41,Maison,Périphérie,14.9
962,233264,43.199999999999996,6,19,Appartement,Banlieue-Sud,21.2
963,112636,72,3,48,Appartement,Centre-ville,0.1
964,270021,97,3,3,Appartement,Centre-ville,23.9
965,,50,2,1,Maison,Banlieue-Sud,4.2
966,424414,167,6,31,Maison,Banlieue-Nord,17.5
967,173885,68,2,7,Maison,Zone-Industrielle,8.7
968,,41,2,25,Maison,Zone-Industrielle,17.1
969,203712,84,3,4,Appartement,Banlieue-Sud,15.7
970,,140,6,14,Maison,Banlieue-Sud,4.7
971,81305,49,,34,Maison,Périphérie,6.7
972,379427,171,6,19,Appartement,Banlieue-Sud,19.9
973,132084,86,3,48,Appartement,Banlieue-Nord,5.3
974,92265,51,2,25,Appartement,Périphérie,1.6
975,251798,167,7,43,Maison,Zone-Industrielle,3.8
976,161141,68,3,49,Maison,Centre-ville,6.3
977,715150.1808646604,381,5,47,Maison,Banlieue-Nord,1.7
978,280048,124,4,0,Maison,Zone-Industrielle,1.2
979,184696,107,5,14,Maison,Zone-Industrielle,2.4
980,110678,,4,9,Maison,Zone-Industrielle,2
981,,77,4,48,Appartement,Zone-Industrielle,15.3
982,98729,,5,42,Appartement,Zone-Industrielle,20.3
983,336575,104,4,12,Appartement,Centre-ville,8.5
984,,161,6,16,Maison,Banlieue-Nord,13.8
985,163901,38,2,3,Maison,Banlieue-Nord,20.4
986,133821,76,4,29,Appartement,Périphérie,12.4
987,85815,80,4,43,Appartement,Périphérie,4.6
988,44230,33,2,38,Maison,Zone-Industrielle,4
989,,76,3,34,Appartement,Zone-Industrielle,16.9
990,212773,172,7,43,Appartement,Périphérie,8.8
991,212975,128,6,15,Appartement,Zone-Industrielle,10.7
992,110131,44,2,3,Maison,Banlieue-Sud,16
993,206888,112,4,5,Maison,Zone-Industrielle,11.3
994,171492,107,5,37,Appartement,Banlieue-Sud,16.1
995,102777,78,3,26,Appartement,Zone-Industrielle,12.8
996,468717,133,5,2,Maison,Banlieue-Sud,8.6
997,44916,42,2,28,Appartement,Zone-Industrielle,0.9
998,,116,5,35,Maison,Zone-Industrielle,22.6
999,540346,118,4,6,Maison,Centre-ville,23
1000,221561,65,3,9,Appartement,Centre-ville,2.2